iteration;replicate;time;population;g1;g2;g3;g4;g5;g6;g7 
0;0;460.3670629787926;3286;0.2750228171585032;0.23821113477334957;0.17797383632491634;0.15546090660176454;0.13720717979920902;0.016124125342257378;0.0
