iteration;replicate;init_pop;fertility_type;genetic_variance;vertical_trans_variance;random_mating;fertility_factor
1;1;8000;uniform;0.32507029252538233;0.32507029252538233;0.6501405850507647;0.25
2;1;8000;uniform;0.3245702925253824;0.3095702925253823;0.4011405850507646;0.25
