iteration;replicate;time;last_generation;population;bmi_category_prop;am_bmi;am_pgs;genetic_variance;vertical_tran_variance;average_bmi;sd_bmi
1;1;2019.0;51.0;12350;[0.2379757085020243, 0.40639676113360323, 0.2328744939271255, 0.12275303643724696];0.0;0.0;0.1641257906220942;0.3628160404735868;22.809625252126903;6.197875297749326
2;1;2015.0;51.0;13920;[0.225, 0.33175287356321836, 0.24274425287356322, 0.2005028735632184];0.0;0.0;0.16078632319758396;0.36655122513322613;23.936230167138223;7.069367173712736
