iteration;replicate;time;last_generation;population;bmi_category_prop;am_bmi;am_pgs;genetic_variance;average_bmi
1;1;218.0;4.0;24655;[0.08047049280064895, 0.4934496045426891, 0.348205232204421, 0.07787467045224092];0.8391621587589795;0.19708965324636854;0.2392898230311592;24.241284253554507
2;1;220.0;4.0;24861;[0.0727243473713849, 0.48163790676159446, 0.3620127911186195, 0.0836249547484011];0.5953187133381138;0.14688238775024962;0.22009638817066535;24.420301646144395
3;1;220.0;4.0;24326;[0.0702129408862945, 0.48787305763380745, 0.3604373920907671, 0.08147660938913097];-1.9298247110965998E-4;0.02295296283156861;0.1920516888324134;24.406323946465694
