iteration;replicate;time;population;g1;g2;g3;g4;g5;g6;g7;mating 
0;0;33.09641450504374;4078;0.005325686194182712;0.029086439983613273;0.23822204014748055;0.7273658336747235;1.0
