iteration;replicate;time;population;g1;g2;g3;g4;g5;g6;g7 
0;0;89.70617927247534;3026;0.002592352559948153;0.05217109526895658;0.39209332469215813;0.5531432274789372
