iteration;replicate;time;population;g1;g2;g3;g4;g5;g6;g7 
0;0;296.27640229583056;34442;0.16151252062854274;0.20646480591231972;0.2569778288010332;0.37504484465810434
